ref_pdb/3J25.pdb	GCA273A	LCA249A	2.70206
ref_pdb/3J25.pdb	ECA537A	VCA612A	2.7958
ref_pdb/2nyg.pdb	GCA64B	GCA30B	3.21758
ref_pdb/3J25.pdb	ACA308A	SCA272A	3.22866
ref_pdb/3J25.pdb	PCA582A	YCA539A	3.23224
ref_pdb/3J25.pdb	MCA421A	WCA492A	3.23635
ref_pdb/3J25.pdb	FCA169A	QCA156A	3.24483
ref_pdb/3J25.pdb	ECA580A	SCA541A	3.26206
ref_pdb/3J25.pdb	KCA630A	MCA518A	3.29144
ref_pdb/3ZQD.pdb	GCA127A	GCA112A	3.30818
ref_pdb/3ZG4.pdb	GCA371A	PCA376A	3.32868
ref_pdb/2nyg.pdb	GCA64F	GCA30F	3.33829
ref_pdb/3J25.pdb	ICA4A	VCA70A	3.34261
ref_pdb/3J25.pdb	RCA264A	YCA258A	3.3815
ref_pdb/1N71.pdb	DCA52D	MCA1D	3.38336
ref_pdb/3J25.pdb	LCA535A	TCA613A	3.39768
ref_pdb/2nyg.pdb	GCA64A	GCA30A	3.40059
ref_pdb/2XYO.pdb	GCA327A	GCA310A	3.40315
ref_pdb/2XYO.pdb	GCA327C	GCA310C	3.42733
ref_pdb/2XYO.pdb	GCA327D	GCA310D	3.42916
ref_pdb/2XYO.pdb	GCA327B	GCA310B	3.43751
ref_pdb/3ijw.pdb	GCA63A	GCA29A	3.4471
ref_pdb/3J25.pdb	KCA69A	QCA64A	3.4536
ref_pdb/2nyg.pdb	GCA64C	GCA30C	3.46211
ref_pdb/1HTZ.pdb	GCA267C	SCA243C	3.47717
ref_pdb/1HTZ.pdb	GCA267F	GCA242F	3.47969
ref_pdb/3IF6.pdb	GCA162C	YCA158C	3.49225
ref_pdb/3J25.pdb	ECA486A	NCA493A	3.50935
ref_pdb/4EWF.pdb	DCA111D	GCA86D	3.51321
ref_pdb/3J25.pdb	ECA486A	WCA492A	3.51383
ref_pdb/1HTZ.pdb	GCA267A	SCA243A	3.5144
ref_pdb/1HTZ.pdb	GCA267E	SCA243E	3.51639
ref_pdb/4EWF.pdb	DCA111A	GCA86A	3.52067
ref_pdb/1S6R.pdb	FCA328A	GCA335A	3.52477
ref_pdb/4MLL.pdb	GCA155A	GCA148A	3.52485
ref_pdb/1S6R.pdb	ACA218A	GCA222A	3.52858
ref_pdb/3J25.pdb	ECA534A	PCA424A	3.52962
ref_pdb/1SHV.pdb	DCA214A	TCA128A	3.53056
ref_pdb/3SQV.pdb	GCA338A	GCA321A	3.53539
ref_pdb/1HTZ.pdb	GCA228E	GCA143C	3.53788
ref_pdb/4EWF.pdb	DCA111B	GCA86B	3.53822
ref_pdb/3J25.pdb	NCA71A	SCA62A	3.54233
ref_pdb/1HTZ.pdb	GCA228D	GCA143A	3.54478
ref_pdb/3ijw.pdb	GCA63B	GCA29B	3.54508
ref_pdb/1YUB.pdb	ECA127A	SCA170A	3.5511
ref_pdb/3J36.pdb	GCA87M	MCA80M	3.55794
ref_pdb/1HTZ.pdb	GCA228C	GCA143B	3.55891
ref_pdb/1FR1.pdb	GCA251A	GCA75A	3.55932
ref_pdb/4MLL.pdb	GCA155D	GCA148D	3.57069
ref_pdb/3ZG4.pdb	PCA462A	YCA383A	3.57317
ref_pdb/3S0Z.pdb	GCA186A	PCA171A	3.57337
ref_pdb/4EWF.pdb	DCA111C	GCA86C	3.58244
ref_pdb/2vef.pdb	GCA155A	GCA117A	3.58315
ref_pdb/3J25.pdb	ACA583A	PCA538A	3.58419
ref_pdb/1ZAT.pdb	GCA438A	WCA434A	3.5849
ref_pdb/1HTZ.pdb	GCA267B	SCA243B	3.59017
ref_pdb/3J25.pdb	ECA534A	ECA422A	3.59263
ref_pdb/3V3O.pdb	PCA113A	PCA86A	3.59269
ref_pdb/1M6K.pdb	GCA155A	GCA148A	3.59484
ref_pdb/2nyg.pdb	GCA64E	GCA30E	3.5979
ref_pdb/4tn0_B.pdb	ECA495B	LCA503B	3.59807
ref_pdb/1YUB.pdb	GCA142A	TCA134A	3.60107
ref_pdb/2ZC7.pdb	GCA251B	GCA75B	3.6015
ref_pdb/2BUE.pdb	ACA54A	GCA50A	3.60883
ref_pdb/1FR1.pdb	GCA251B	GCA75B	3.60968
ref_pdb/3S0Z.pdb	PCA187A	SCA191A	3.60979
ref_pdb/1ZC2.pdb	GCA251B	GCA75B	3.61848
ref_pdb/3V3O.pdb	PCA113C	PCA86C	3.61962
ref_pdb/1YUB.pdb	DCA31A	YCA95A	3.61995
ref_pdb/3J36.pdb	GCA81I	GCA9I	3.62534
ref_pdb/3J25.pdb	FCA169A	KCA157A	3.63137
ref_pdb/3sma.pdb	GCA73B	GCA39B	3.63148
ref_pdb/3sma.pdb	GCA73C	GCA39C	3.63362
ref_pdb/1S6R.pdb	DCA76A	GCA251A	3.6341
ref_pdb/4K0W.pdb	GCA233A	GCA215A	3.63413
ref_pdb/1N71.pdb	GCA156B	GCA156A	3.63456
ref_pdb/1HTZ.pdb	GCA267F	SCA243F	3.63465
ref_pdb/4GUV.pdb	GCA327D	GCA310D	3.63484
ref_pdb/1E4E.pdb	GCA110B	SCA107A	3.63615
ref_pdb/3S0Z.pdb	DCA95B	GCA128B	3.63666
ref_pdb/3ZQD.pdb	SCA73A	VCA78A	3.63758
ref_pdb/1E4E.pdb	GCA110A	SCA107B	3.64037
ref_pdb/1YUB.pdb	ICA151A	LCA175A	3.64095
ref_pdb/4GUV.pdb	GCA327B	GCA310B	3.64153
ref_pdb/1YLW.pdb	GCA232A	KCA212A	3.64298
ref_pdb/2XTW.pdb	RCA58B	SCA79B	3.64644
ref_pdb/3SOI.pdb	ACA232B	KCA212B	3.64952
ref_pdb/1ND4.pdb	ECA63B	GCA210B	3.64971
ref_pdb/2ZC7.pdb	ACA340D	MCA28D	3.64977
ref_pdb/3V3O.pdb	GCA327B	GCA310B	3.65074
ref_pdb/3SOI.pdb	ACA232A	KCA212A	3.65493
ref_pdb/1K38.pdb	GCA157A	YCA153A	3.65601
ref_pdb/4GUV.pdb	GCA327C	GCA310C	3.65653
ref_pdb/1ZC2.pdb	GCA321A	GCA202A	3.65778
ref_pdb/1HTZ.pdb	GCA267D	SCA243D	3.65783
ref_pdb/1ND4.pdb	ECA63A	GCA210A	3.66038
ref_pdb/1N71.pdb	GCA156D	GCA156C	3.66058
ref_pdb/4d8z.pdb	YCA39B	YCA39A	3.66146
ref_pdb/3V3O.pdb	PCA113D	PCA86D	3.66618
ref_pdb/3sma.pdb	GCA73D	GCA39D	3.66862
