GCAGCA	-4.93757
CCACCA	-4.74943
GCAPCA	-3.20095
YCAYCA	-3.1968
PCAPCA	-3.00411
GCAYCA	-2.98857
DCAGCA	-2.67791
GCAWCA	-2.51508
PCAWCA	-2.49695
DCAWCA	-2.43748
GCAHCA	-2.4179
GCASCA	-2.40758
GCAKCA	-2.29718
GCAQCA	-2.27847
MCAWCA	-2.26896
GCAMCA	-2.15235
ECAGCA	-2.13628
FCAPCA	-2.05391
NCAQCA	-2.02114
QCAYCA	-2.00888
TCATCA	-1.98242
FCAGCA	-1.93262
CCAPCA	-1.90234
GCAICA	-1.89168
WCAWCA	-1.8833
HCAWCA	-1.84134
RCASCA	-1.83376
VCAVCA	-1.70958
DCAHCA	-1.69759
FCAWCA	-1.64227
CCASCA	-1.64092
CCAFCA	-1.62405
CCAGCA	-1.60135
ECASCA	-1.59345
ACAGCA	-1.57916
CCANCA	-1.55819
ACAHCA	-1.55103
KCANCA	-1.52337
DCATCA	-1.44523
KCAPCA	-1.43379
ACAYCA	-1.42932
KCATCA	-1.42813
FCAFCA	-1.42085
SCATCA	-1.4183
HCAMCA	-1.39822
QCAWCA	-1.39026
GCANCA	-1.37142
RCATCA	-1.36691
CCAHCA	-1.36569
QCASCA	-1.35318
ACAKCA	-1.32878
NCAWCA	-1.29435
PCASCA	-1.28329
KCAYCA	-1.27686
NCAPCA	-1.2731
CCAWCA	-1.27167
ICAICA	-1.25903
GCATCA	-1.23937
ACAWCA	-1.23905
ACAMCA	-1.23708
ACAECA	-1.22784
ACADCA	-1.22725
GCARCA	-1.21418
KCASCA	-1.21287
ICAMCA	-1.1689
CCAVCA	-1.16302
SCAWCA	-1.14699
SCASCA	-1.14634
ACAICA	-1.13505
PCATCA	-1.11982
CCAYCA	-1.10866
CCATCA	-1.06127
ICAYCA	-1.05097
PCAYCA	-1.04137
FCATCA	-1.03985
QCAVCA	-1.03753
NCANCA	-1.0346
FCAHCA	-1.03351
PCARCA	-1.03182
HCANCA	-1.03015
CCAMCA	-1.01964
CCAICA	-1.01828
CCARCA	-1.01649
LCAPCA	-1.01539
PCAQCA	-1.01253
RCAYCA	-1.00329
ICASCA	-0.996783
TCAWCA	-0.991426
KCARCA	-0.984754
WCAYCA	-0.979426
MCAYCA	-0.974341
ACAFCA	-0.97062
SCAYCA	-0.969746
ECAWCA	-0.968869
HCATCA	-0.96866
HCAHCA	-0.954512
HCASCA	-0.954171
DCANCA	-0.938569
VCAWCA	-0.933228
ICAVCA	-0.931535
CCAQCA	-0.930681
ACACCA	-0.923635
NCAYCA	-0.917035
ICAWCA	-0.909945
ICAPCA	-0.899182
DCARCA	-0.884676
NCASCA	-0.866649
KCAVCA	-0.859978
ECAQCA	-0.854023
RCAWCA	-0.85156
LCAVCA	-0.845997
ACAACA	-0.844014
CCALCA	-0.83199
FCAYCA	-0.82886
FCAVCA	-0.827894
DCASCA	-0.798544
ACASCA	-0.797733
MCAVCA	-0.797667
MCAMCA	-0.796848
DCAKCA	-0.79307
FCAMCA	-0.792608
ACAVCA	-0.790379
FCANCA	-0.786962
ECARCA	-0.786706
ACATCA	-0.781898
RCARCA	-0.779458
MCANCA	-0.77217
HCAPCA	-0.763058
NCATCA	-0.759348
MCASCA	-0.755821
CCAKCA	-0.754119
NCARCA	-0.747214
HCAVCA	-0.745853
ACARCA	-0.745816
MCAQCA	-0.733797
MCAPCA	-0.729735
CCAECA	-0.724474
QCAQCA	-0.718085
DCAMCA	-0.7125
HCAICA	-0.706731
MCATCA	-0.703857
DCADCA	-0.702152
HCAQCA	-0.701471
HCARCA	-0.694951
KCAQCA	-0.690363
VCAYCA	-0.678648
MCARCA	-0.674797
LCAMCA	-0.67405
QCATCA	-0.671451
ECAPCA	-0.654721
HCAYCA	-0.651663
CCADCA	-0.651082
KCAWCA	-0.641557
LCALCA	-0.640412
FCALCA	-0.639263
ECAKCA	-0.63448
ICATCA	-0.625545
GCALCA	-0.594789
ECAFCA	-0.572743
LCARCA	-0.556183
FCASCA	-0.530234
LCASCA	-0.523341
QCARCA	-0.523294
LCAYCA	-0.516089
ICANCA	-0.51495
ACANCA	-0.51285
FCARCA	-0.511002
ICALCA	-0.510119
ECANCA	-0.505533
PCAVCA	-0.505442
TCAYCA	-0.504727
ACAPCA	-0.500959
ECAECA	-0.49758
SCAVCA	-0.483849
GCAVCA	-0.481079
ECAYCA	-0.475987
TCAVCA	-0.469866
ACALCA	-0.461555
FCAKCA	-0.456596
HCAKCA	-0.452961
KCAMCA	-0.450249
ECATCA	-0.449807
FCAICA	-0.445639
LCAWCA	-0.441953
FCAQCA	-0.439951
DCAYCA	-0.438039
HCALCA	-0.435924
ACAQCA	-0.429455
DCAFCA	-0.424843
ECAMCA	-0.424102
RCAVCA	-0.396481
ICAKCA	-0.388452
LCATCA	-0.388025
DCAQCA	-0.38375
DCAPCA	-0.358032
LCAQCA	-0.354742
ICAQCA	-0.352037
ECAHCA	-0.338722
ECAICA	-0.32677
KCAKCA	-0.324679
DCAICA	-0.322885
NCAVCA	-0.299728
DCAECA	-0.297743
DCALCA	-0.297182
LCANCA	-0.294912
DCAVCA	-0.292794
ICARCA	-0.288989
ECAVCA	-0.249602
ECALCA	-0.248114
KCALCA	-0.240393
