ACALCA	53902
LCAVCA	45126
GCALCA	40282
ICALCA	40078
ACAVCA	39567
ACAGCA	38271
LCALCA	35182
DCALCA	33860
LCATCA	33739
LCASCA	32158
ACAICA	32043
ACATCA	31552
ICAVCA	29819
ECALCA	29582
GCAVCA	29267
ACADCA	28443
ACASCA	27700
KCALCA	27358
FCALCA	26265
LCARCA	26117
TCAVCA	25612
LCANCA	25445
ACAACA	25406
GCAICA	24786
ACARCA	24298
ACAECA	24269
GCATCA	23991
DCAVCA	23097
SCAVCA	22661
GCASCA	22378
DCAGCA	22100
ACAKCA	21939
ACAFCA	20780
ECAVCA	20672
ACANCA	20639
ICATCA	20579
LCAPCA	20563
LCAQCA	20030
DCAICA	19889
ECAGCA	19408
RCAVCA	19295
GCARCA	19014
KCAVCA	18967
DCATCA	18953
ICASCA	18905
LCAYCA	18787
ICAKCA	18704
ACAPCA	18678
SCATCA	18604
ECAICA	18343
FCAVCA	17918
DCASCA	17909
VCAVCA	17749
GCANCA	17130
FCAICA	16886
GCAKCA	16660
ECATCA	16478
ACAQCA	16477
FCAGCA	16435
NCAVCA	16424
ECASCA	16342
DCAECA	16290
RCATCA	16132
GCAPCA	15906
ICARCA	15743
DCARCA	15629
ICANCA	15333
ECAKCA	15243
KCATCA	15174
ACAYCA	15156
PCAVCA	15112
DCAKCA	14908
DCANCA	14809
FCASCA	14714
NCATCA	14364
NCASCA	14330
GCAGCA	14261
DCAFCA	14182
FCATCA	14073
KCASCA	14065
ICAICA	13934
LCAMCA	13934
ECARCA	13666
HCALCA	13288
ECAFCA	13255
PCATCA	13238
ECANCA	13163
RCASCA	13141
VCAYCA	13081
ICAPCA	13027
QCAVCA	12936
GCAQCA	12731
GCAYCA	12517
ICAYCA	12504
KCANCA	12373
FCANCA	12196
ACAMCA	12023
DCAPCA	11972
FCAKCA	11482
PCASCA	11480
ECAPCA	11247
ICAQCA	11106
TCATCA	11024
TCAYCA	10863
ACAHCA	10861
SCAYCA	10767
DCAYCA	10506
DCAQCA	10456
MCAVCA	10368
FCARCA	10308
ECAYCA	10157
PCARCA	10077
LCAWCA	10026
NCARCA	9993
KCAPCA	9876
KCARCA	9849
QCATCA	9794
QCASCA	9779
HCAVCA	9725
NCAPCA	9592
KCAYCA	9556
SCASCA	9496
GCAMCA	9345
DCADCA	9252
ECAQCA	9191
GCAHCA	9159
NCAYCA	8677
KCAQCA	8629
FCAPCA	8492
ECAECA	8422
MCATCA	8372
FCAYCA	8275
ICAMCA	8244
ACAWCA	8221
HCAICA	8089
FCAQCA	8070
NCAQCA	7827
VCAWCA	7589
DCAHCA	7586
QCARCA	7462
HCASCA	7398
HCATCA	7379
MCASCA	7363
DCAMCA	7327
RCAYCA	7319
PCAYCA	7194
FCAFCA	7111
ECAHCA	7029
PCAQCA	6874
CCALCA	6823
KCAKCA	6785
NCANCA	6576
ECAMCA	6524
GCAWCA	6502
RCARCA	6270
ICAWCA	5984
FCAMCA	5905
HCANCA	5877
MCARCA	5877
FCAHCA	5793
KCAMCA	5682
MCANCA	5572
QCAYCA	5515
ACACCA	5474
HCARCA	5447
SCAWCA	5360
TCAWCA	5337
HCAKCA	5226
DCAWCA	5222
HCAPCA	5089
HCAYCA	4654
ECAWCA	4541
MCAPCA	4460
CCADCA	4316
MCAYCA	4316
CCAGCA	4264
CCASCA	4164
CCAVCA	4163
KCAWCA	4134
PCAPCA	4108
RCAWCA	4104
FCAWCA	4083
HCAQCA	4079
PCAWCA	3972
MCAQCA	3899
CCATCA	3802
NCAWCA	3636
CCAICA	3566
CCAECA	3485
YCAYCA	3388
CCAFCA	3275
QCAWCA	3270
QCAQCA	3246
CCARCA	3132
CCANCA	3028
WCAYCA	2953
HCAMCA	2776
CCAKCA	2313
CCAYCA	2204
MCAWCA	2126
HCAWCA	2069
CCAPCA	2045
HCAHCA	2008
MCAMCA	1887
CCAQCA	1879
CCAHCA	1718
CCAMCA	1522
CCAWCA	847
WCAWCA	839
CCACCA	776
